-- MySQL dump 10.13  Distrib 8.0.22, for macos10.15 (x86_64)
--
-- Host: localhost    Database: story_time
-- ------------------------------------------------------
-- Server version	8.0.22

/*!40101 SET @OLD_CHARACTER_SET_CLIENT=@@CHARACTER_SET_CLIENT */;
/*!40101 SET @OLD_CHARACTER_SET_RESULTS=@@CHARACTER_SET_RESULTS */;
/*!40101 SET @OLD_COLLATION_CONNECTION=@@COLLATION_CONNECTION */;
/*!50503 SET NAMES utf8mb4 */;
/*!40103 SET @OLD_TIME_ZONE=@@TIME_ZONE */;
/*!40103 SET TIME_ZONE='+00:00' */;
/*!40014 SET @OLD_UNIQUE_CHECKS=@@UNIQUE_CHECKS, UNIQUE_CHECKS=0 */;
/*!40014 SET @OLD_FOREIGN_KEY_CHECKS=@@FOREIGN_KEY_CHECKS, FOREIGN_KEY_CHECKS=0 */;
/*!40101 SET @OLD_SQL_MODE=@@SQL_MODE, SQL_MODE='NO_AUTO_VALUE_ON_ZERO' */;
/*!40111 SET @OLD_SQL_NOTES=@@SQL_NOTES, SQL_NOTES=0 */;

--
-- Table structure for table `notes`
--

DROP TABLE IF EXISTS `notes`;
/*!40101 SET @saved_cs_client     = @@character_set_client */;
/*!50503 SET character_set_client = utf8mb4 */;
CREATE TABLE `notes` (
  `id` bigint NOT NULL AUTO_INCREMENT,
  `word` varchar(255) DEFAULT NULL,
  `type` varchar(255) DEFAULT NULL,
  `definition` varchar(255) DEFAULT NULL,
  `user_id` bigint DEFAULT NULL,
  `story_id` bigint DEFAULT NULL,
  PRIMARY KEY (`id`),
  KEY `user_id` (`user_id`),
  KEY `fk_story` (`story_id`),
  CONSTRAINT `fk_story` FOREIGN KEY (`story_id`) REFERENCES `stories` (`id`),
  CONSTRAINT `notes_ibfk_1` FOREIGN KEY (`user_id`) REFERENCES `users` (`id`)
) ENGINE=InnoDB AUTO_INCREMENT=44 DEFAULT CHARSET=utf8mb4 COLLATE=utf8mb4_0900_ai_ci;
/*!40101 SET character_set_client = @saved_cs_client */;

--
-- Dumping data for table `notes`
--

LOCK TABLES `notes` WRITE;
/*!40000 ALTER TABLE `notes` DISABLE KEYS */;
INSERT INTO `notes` VALUES (1,'walk','verb','move with feet',1,NULL),(2,'run','verb','use feet to move quickly',2,NULL),(25,'makeshift','adjective','Definition: \"serving as a temporary substitute\"',26,25),(26,'tournament','noun','Definition: \"a series of contests played for a championship\"',26,25),(27,'determination','noun','Definition: \"firm or fixed intention\"',26,26),(28,'ecstatic','adjective','Definition: \"very happy or excited\"',26,26),(29,'excitement','noun','Definition: \"something that stirs up feelings of great enthusiasm and interest\"',26,27),(30,'passageway','noun','Definition: \"a space, road, or way by which a person or thing may move\"',26,27),(31,'investigate','verb','Definition: \"to study by close examination and questioning\"',26,27),(32,'burrow','noun','Definition: \"a hole in the ground made by an animal (as a rabbit or fox) for shelter or protection\"',26,28),(33,'selfless','adjective','Definition: \"showing great concern for and willingness to give unselfishly to others\"',26,28),(34,'nervousness','adjective','Definition: \"having or showing feelings of worry, fear, or anxiety\"',20,29),(35,'treacherous','adjective','Definition: \"not safe because of hidden dangers\"',20,29),(36,'traditional','adjective','Definition: \"handed down from age to age\"',20,30),(37,'anticipation','noun','Definition: \"excitement about something that\'s going to happen\"',20,30),(38,'arena','noun','Definition: \"an enclosed area used for public entertainment\"',20,31),(39,'teamwork','noun','Definition: \"the work of a group of persons acting together\"',20,31),(40,'talented','noun','Definition: \"unusual natural ability\"',20,33),(41,'encouragement','noun','Definition: \"something that gives hope, determination, or confidence\"',20,33),(42,'inspiration','noun','Definition: \"the act or power of arousing the mind or the emotions\"',20,33),(43,'dedication','noun','Definition: \"an act of setting apart for a special purpose\"',20,33);
/*!40000 ALTER TABLE `notes` ENABLE KEYS */;
UNLOCK TABLES;

--
-- Table structure for table `pictures`
--

DROP TABLE IF EXISTS `pictures`;
/*!40101 SET @saved_cs_client     = @@character_set_client */;
/*!50503 SET character_set_client = utf8mb4 */;
CREATE TABLE `pictures` (
  `id` bigint NOT NULL AUTO_INCREMENT,
  `story_id` bigint DEFAULT NULL,
  `name` varchar(255) DEFAULT NULL,
  PRIMARY KEY (`id`),
  KEY `story_id` (`story_id`),
  CONSTRAINT `pictures_ibfk_1` FOREIGN KEY (`story_id`) REFERENCES `stories` (`id`)
) ENGINE=InnoDB AUTO_INCREMENT=20 DEFAULT CHARSET=utf8mb4 COLLATE=utf8mb4_0900_ai_ci;
/*!40101 SET character_set_client = @saved_cs_client */;

--
-- Dumping data for table `pictures`
--

LOCK TABLES `pictures` WRITE;
/*!40000 ALTER TABLE `pictures` DISABLE KEYS */;
INSERT INTO `pictures` VALUES (7,24,'hJSypH44YBq6Nwj6AoAt.jpeg'),(8,25,'6nQr6kTcZR4v52LhGLqE.jpeg'),(9,26,'84jkK9EB3ESMQdUBBbB5.jpeg'),(10,27,'ceVPzxWhIMYG9nup3IJe.jpeg'),(11,28,'Y4Kv6o61B4SpFn3rBSMR.jpeg'),(12,29,'bp9DSojBMm3d0aLBHqlO.jpeg'),(13,30,'vCIyQGRIcUwrD3yZqHXG.jpeg'),(14,31,'0NSoamNQshR6DIQICbyj.jpeg'),(15,32,'DQcytRTidRQAL2bju4ey.jpeg'),(16,33,'0aPMjPuiEJ7XOGyPR1AI.jpeg'),(17,34,'t2eBrDXoAdmTecy3J8vp.jpeg'),(18,35,'RMP0Bf2B23mMJlXBSYOR.jpeg'),(19,36,'9kf3V5SZKOs8LMlSDiNs.jpeg');
/*!40000 ALTER TABLE `pictures` ENABLE KEYS */;
UNLOCK TABLES;

--
-- Table structure for table `stories`
--

DROP TABLE IF EXISTS `stories`;
/*!40101 SET @saved_cs_client     = @@character_set_client */;
/*!50503 SET character_set_client = utf8mb4 */;
CREATE TABLE `stories` (
  `id` bigint NOT NULL AUTO_INCREMENT,
  `title` varchar(255) DEFAULT NULL,
  `summary` varchar(15000) DEFAULT NULL,
  `user_id` bigint DEFAULT NULL,
  PRIMARY KEY (`id`),
  KEY `user_id` (`user_id`),
  CONSTRAINT `stories_ibfk_1` FOREIGN KEY (`user_id`) REFERENCES `users` (`id`)
) ENGINE=InnoDB AUTO_INCREMENT=37 DEFAULT CHARSET=utf8mb4 COLLATE=utf8mb4_0900_ai_ci;
/*!40101 SET character_set_client = @saved_cs_client */;

--
-- Dumping data for table `stories`
--

LOCK TABLES `stories` WRITE;
/*!40000 ALTER TABLE `stories` DISABLE KEYS */;
INSERT INTO `stories` VALUES (24,'The Resurrection of the T-Rex','Dr. Sarah Rodriguez and her team bring a T-Rex back to life using the Resurrecto-Tron 3000, but faced with ethical dilemmas, they eventually transport it back to its prehistoric era through a time portal, marking a historic event in the world of science and technology.',26),(25,'The Rise of the Soccer Superstars','Alex and his friends form a soccer team, The Soccer Superstars, and practice hard to win a community tournament, ultimately achieving victory and becoming local heroes.',26),(26,'Max\'s Journey to Rock Stardom','Follow Max\'s journey from a kid dreaming of becoming a rock star, forming a band for a talent show, attending a music camp, and eventually achieving his dream through hard work, dedication, and unwavering belief in himself.',26),(27,'The Mystery of the Stolen Diamond','When the most precious diamond in the world, the Heart of the Ocean, is stolen from a famous museum in the peaceful town of Riverdale, the mayor calls upon a group of young detectives, the Mystery Solvers, to crack the case and catch the notorious jewel thief.',26),(28,'Lily and Spark: Adventures of a Girl and Her Dragon','Follow the heartwarming adventures of Lily and her dragon, Spark, as they help various creatures in need and are honored by the king for their bravery and kindness.',26),(29,'The Voyage of the Starblazer: Exploring the Cosmic Frontier','Join the brave astronauts of the Starblazer as they embark on an incredible journey to a distant planet, encountering awe-inspiring phenomena, making groundbreaking discoveries, and returning to Earth as heroes, inspiring future generations to reach for the stars.',20),(30,'The Concert for New Uniforms: A Story of Teamwork and Triumph','When their school\'s marching band is chosen to perform at the State Marching Band Festival but needs new uniforms, the band members come together to organize a successful concert fundraiser, raise enough money for the uniforms, win first place at the festival, and inspire others with the power of teamwork and creativity.',20),(31,'The Winning Goal','Alex, a passionate ice hockey player, scores a dramatic winning goal for his team, the Ice Dragons, in a thrilling game against the Frosty Falcons, showcasing teamwork and determination.',20),(32,'Sammy the Friendly Shark and the Shiny Sea Treasure','Sammy, the friendly shark, befriends a group of colorful fish and together they discover a shiny treasure chest, which they share with all the sea creatures. As more sea animals join in the fun, they work together to clean up and beautify the coral reef, ultimately making the ocean a better place for all.',20),(33,'Lily\'s Journey to Artistic Success','Follow Lily, a talented painter in New York City, as she befriends a musician, Max, and together they showcase her artwork at a local open mic night, leading to a successful art exhibit and a blossoming career in the vibrant city.',20),(34,'The Brave Young Explorer: Uncovering Captain William\'s Lost Treasure','Thirteen-year-old Jacob uncovers an old treasure map from colonial times, leading him and the museum curator, Ms. Jenkins, to discover the long-lost treasure of Captain William hidden in a secret cave, sparking an excitement for the town\'s history and earning Jacob the title of a brave young explorer.',20),(35,'Lily and Whiskers: A Garden Adventure','A story about a little girl named Lily and her mischievous cat, Whiskers, as they explore a beautiful garden, encountering butterflies, bees, birds, and a ladybug, before heading home, exhausted but content.',26),(36,'Love Across Borders: Madhav and Haley\'s Journey','Madhav and Haley\'s unexpected meeting blossomed into a deep connection that transcended their cultural differences, leading to a love story that defied geographical boundaries and gained the support of both their families.',26);
/*!40000 ALTER TABLE `stories` ENABLE KEYS */;
UNLOCK TABLES;

--
-- Table structure for table `story_text`
--

DROP TABLE IF EXISTS `story_text`;
/*!40101 SET @saved_cs_client     = @@character_set_client */;
/*!50503 SET character_set_client = utf8mb4 */;
CREATE TABLE `story_text` (
  `id` int NOT NULL AUTO_INCREMENT,
  `story_id` bigint DEFAULT NULL,
  `text_content` varchar(15000) DEFAULT NULL,
  `sequence` int NOT NULL,
  PRIMARY KEY (`id`),
  KEY `story_id` (`story_id`),
  CONSTRAINT `story_text_ibfk_1` FOREIGN KEY (`story_id`) REFERENCES `stories` (`id`)
) ENGINE=InnoDB AUTO_INCREMENT=133 DEFAULT CHARSET=utf8mb4 COLLATE=utf8mb4_0900_ai_ci;
/*!40101 SET character_set_client = @saved_cs_client */;

--
-- Dumping data for table `story_text`
--

LOCK TABLES `story_text` WRITE;
/*!40000 ALTER TABLE `story_text` DISABLE KEYS */;
INSERT INTO `story_text` VALUES (44,24,'Once upon a time in the future, scientists had invented a machine that could bring dinosaurs back to life. It was a groundbreaking moment in the history of science and technology. The machine was called the Resurrecto-Tron 3000, and it could recreate extinct species by extracting DNA from fossilized remains.',0),(45,24,'The leading paleontologist, Dr. Sarah Rodriguez, was determined to use the Resurrecto-Tron 3000 to bring back the majestic Tyrannosaurus rex, also known as the T-Rex. With the help of her team, Dr. Rodriguez obtained a well-preserved T-Rex fossil and carefully extracted its DNA. After months of hard work and dedication, they successfully activated the Resurrecto-Tron 3000, and to their amazement, a living, breathing T-Rex appeared before their eyes.',1),(46,24,'The news of the T-Rex\'s resurrection spread like wildfire, and people from around the world flocked to witness this extraordinary creature. The once extinct T-Rex had now become a living, breathing celebrity. Everyone marveled at the sight of the enormous and powerful dinosaur.',2),(47,24,'As the T-Rex roamed around its new environment, it became clear that its presence posed a danger to the modern world. Dr. Rodriguez and her team faced a difficult decision: should they continue to keep the T-Rex alive, or should they find a way to safely return it to its own time period? It was a moral and ethical dilemma that weighed heavily on their shoulders.',3),(48,24,'Meanwhile, the government became involved in the situation, expressing concerns about the potential threat the T-Rex posed to public safety. The authorities demanded that the dinosaur be contained and closely monitored. However, Dr. Rodriguez argued that the T-Rex deserved the chance to thrive in its own natural habitat.',4),(49,24,'After much deliberation, a plan was devised to transport the T-Rex back to the past where it belonged. It was a risky and complex operation that required the use of advanced technology. The Resurrecto-Tron 3000 was modified to create a time portal, allowing the T-Rex to return to its prehistoric era.',5),(50,24,'On the day of the transfer, crowds gathered to witness the historic event. The Resurrecto-Tron 3000 hummed to life, and a glowing portal appeared before them. The T-Rex hesitated at first, but then, as if sensing its true home, it bravely stepped through the portal and vanished from sight.',6),(51,24,'The success of the operation brought mixed emotions. While there was sadness at saying goodbye to the T-Rex, there was also a sense of relief knowing that the dinosaur was now safely back in its own time. Dr. Rodriguez and her team had achieved a remarkable feat in the field of science and technology, and the world would always remember the day when dinosaurs roamed the earth once again.',7),(52,25,'Once upon a time in a small town, there lived a boy named Alex. Alex loved to play soccer, and he dreamed of one day becoming a professional soccer player. Every day after school, Alex would gather his friends and they would all head to the park to play soccer. They would have so much fun kicking the ball around and pretending they were playing in the FIFA World Cup.',0),(53,25,'At the park, they would set up makeshift goalposts using their backpacks and sweatshirts. They would then divide into teams and play a fun and friendly game of soccer. Alex was always the captain of his team, and he loved the responsibility of leading his friends to victory. They would play for hours until the sun went down, and they could no longer see the ball. Those were some of the best times of Alex\'s life.',1),(54,25,'One day, the town decided to host a community soccer tournament at the park. Alex and his friends were so excited to participate. They formed a team and came up with a cool name, \"The Soccer Superstars.\" They practiced every day after school, perfecting their passing, dribbling, and shooting skills. They were determined to win the tournament and make their town proud.',2),(55,25,'The day of the tournament finally arrived. Families and friends from the town gathered at the park to watch the teams compete. The Soccer Superstars were up against some tough competition, but they were not afraid. They played with all their heart and showed incredible teamwork. With Alex leading the way, they won every match until they reached the final.',3),(56,25,'In the final match, the Soccer Superstars faced a team that had won the tournament for the past few years. The match was intense, and both teams played their best. The score was tied, and there were only a few minutes left on the clock. That\'s when Alex saw an opportunity and took a shot from far away. The ball soared through the air and landed in the opponent\'s goal, scoring the winning point for the Soccer Superstars.',4),(57,25,'The crowd erupted into cheers as the final whistle blew. The Soccer Superstars had won the tournament, and Alex couldn\'t believe it. He and his friends hugged and jumped with joy. Their hard work and dedication had paid off, and they were now the champions of the town\'s soccer tournament. They were even awarded a shiny trophy, and their names would forever be engraved on it.',5),(58,25,'From that day on, the Soccer Superstars became local heroes in their town. They continued to play soccer together, and Alex\'s dream of becoming a professional soccer player grew stronger. He knew that if he continued to work hard and never gave up, he could one day play in the FIFA World Cup and make his town even prouder.',6),(59,26,'Once upon a time, there was a kid named Max who loved to play the guitar. He would spend hours in his room, strumming the strings and trying to make up his own tunes. Max dreamed of becoming a rock star one day, playing in front of huge crowds and sharing his music with the world.',0),(60,26,'One day, Max\'s school announced that they were having a talent show. Max knew this was his chance to show everyone his skills. He decided to form a band with his friends. They practiced and practiced, and finally, the big day arrived. Max felt a little nervous as he stepped onto the stage, but as soon as he started playing, all his nerves vanished. The crowd went wild, cheering and clapping as the band rocked out.',1),(61,26,'After the talent show, Max\'s music teacher, Mrs. Reed, pulled him aside. \"Max, you have real talent,\" she said. \"I think it\'s time for you to take your music to the next level.\" Mrs. Reed told Max about a music camp that was held in the summer. It was a special camp where kids could learn from professional musicians and perform in a big concert at the end of the week.',2),(62,26,'Max was ecstatic! He begged his parents to let him go, and after much pleading, they finally agreed. The day of the camp arrived, and Max\'s eyes widened as he saw the beautiful campus and all the other kids who shared his passion for music. The days were filled with workshops and rehearsals, and Max soaked up every bit of knowledge like a sponge.',3),(63,26,'Finally, the day of the big concert arrived. Max and his bandmates were nervous, but once they started playing, all their worries melted away. They rocked the stage, and the audience erupted into cheers. Max felt like a real rock star, and he knew that this was just the beginning of his musical journey.',4),(64,26,'When Max returned home, he was bursting with inspiration. He started writing more songs and practicing even harder. He was determined to make his dream of becoming a rock star a reality. Max\'s dedication paid off, and soon, he and his band were performing at local venues and even getting noticed by record labels.',5),(65,26,'Max\'s journey to rock stardom wasn\'t always easy, but he never gave up on his passion for music. He continued to work hard and never stopped believing in himself. And as he stood on stage, playing his guitar and singing his heart out, Max knew that he had achieved his dream. He was a rock star, not just because of his talent, but because of his love for music and the unwavering determination that got him there.',6),(66,27,'Once upon a time in the small town of Riverdale, there was a famous museum that housed the most valuable jewels in the world. The museum was well-guarded with high-tech security systems, and people from all over the world came to see the precious jewels on display. But one day, a jewel thief managed to break into the museum and steal the most precious diamond, known as the Heart of the Ocean.',0),(67,27,'The townspeople were shocked and scared that such a thing could happen in their peaceful town. The police were called to investigate, but they had no leads. The mayor of Riverdale knew that something had to be done, so he called upon a group of young detectives to help solve the case.',1),(68,27,'The young detectives, known as the Mystery Solvers, were a group of kids who loved solving mysteries in their spare time. Their leader, Lily, was the smartest of them all. She always had a plan and was never afraid to take risks. Her friends, Alex, Emma, and Jake, were always by her side, ready to help crack the case.',2),(69,27,'The Mystery Solvers immediately accepted the challenge and went straight to the museum to investigate. They asked the museum staff if they had seen anything suspicious on the night of the robbery. The guards mentioned that they saw a shadowy figure lurking around the museum right before the alarm went off, but they couldn\'t make out who it was.',3),(70,27,'The young detectives searched the area and found a hidden door behind a large painting. It led to a secret passageway that nobody knew about. As they followed the passageway, they found themselves in an underground tunnel that seemed to lead outside the museum. They realized that this must have been the escape route used by the thief.',4),(71,27,'They followed the tunnel and came out to a small shed in the woods. Inside, they found a red glove with a small piece of diamond stuck to it. They knew that this was a clue left behind by the jewel thief.',5),(72,27,'Excited about their discovery, the Mystery Solvers went back to the museum to show the police what they had found. The police immediately took the glove for fingerprint analysis, hoping to find a match in their database. The town was buzzing with excitement, and everyone was hopeful that the thief would soon be caught.',6),(73,27,'Days went by, and there was no sign of the thief. The police were getting frustrated, and the town\'s people were losing hope. But the Mystery Solvers didn\'t give up. They continued to investigate and follow every lead they could find.',7),(74,27,'One afternoon, the police called the Mystery Solvers to the station. They had found a match for the fingerprints on the red glove. It belonged to a notorious jewel thief who had been on the run for years. The police immediately set out to find him, and with the help of the Mystery Solvers, they were able to track him down to an abandoned warehouse on the outskirts of town.',8),(75,27,'The thief was caught, and the precious diamond, the Heart of the Ocean, was returned to the museum. The town celebrated the bravery and intelligence of the young detectives, and the mayor declared them heroes of Riverdale. The Mystery Solvers had cracked the case and saved the day once again.',9),(76,28,'Once upon a time, in a land far away, there was a little girl named Lily who had a special pet. It wasn\'t a dog or a cat; it was a dragon! Lily’s pet dragon’s name was Spark, and he had shiny green scales and big, sparkly eyes. Spark could breathe fire and even fly, but he was the friendliest dragon you could ever meet.',0),(77,28,'Every day, Lily and Spark would go on adventures together. They explored the magical forest near their home, where they met all kinds of animals and insects. One day, they came across a family of bunnies who needed help. The bunnies had lost their home because of a big storm, and they didn\'t know where to go.',1),(78,28,'Lily and Spark decided to help the bunnies find a new place to live. They searched high and low, through the forest and across the meadow, until they found the perfect burrow for the bunnies. The bunnies were so happy and grateful, and they invited Lily and Spark to visit them anytime.',2),(79,28,'As they continued their adventures, Lily and Spark encountered all sorts of interesting bugs. They saw colorful butterflies fluttering in the air, busy bees collecting nectar from flowers, and even a curious little ladybug crawling on a leaf. Spark was fascinated by all the different bugs, and he even made friends with a friendly firefly named Flash.',3),(80,28,'One sunny afternoon, Lily and Spark stumbled upon a lost puppy in the forest. The puppy looked sad and scared, so Lily and Spark decided to help him find his way back home. They followed the puppy’s tracks until they came across a cozy little house in the clearing. The puppy\'s family was overjoyed to see him, and they thanked Lily and Spark for bringing him back safely.',4),(81,28,'As they journeyed on, Lily and Spark encountered more animals in need of their help. They helped a little bird build a new nest, rescued a squirrel stuck in a tree, and even saved a group of frogs from a muddy puddle. No matter what challenges they faced, Lily and Spark always worked together to help those in need.',5),(82,28,'One day, the king of the land heard about Lily and her pet dragon’s bravery and kindness. He invited them to the royal palace to honor their good deeds. Lily and Spark were thrilled to meet the king and queen, who thanked them for their selfless acts of kindness. The king even gave Spark a shiny medal for being the bravest and most helpful dragon in the kingdom.',6),(83,28,'After their visit to the palace, Lily and Spark continued their adventures, making new friends and helping those in need. They learned that no act of kindness is ever too small, and that even the smallest creatures can make a big difference in the world. And as they flew back home at the end of each day, Lily and Spark knew that they would always be there for each other, ready to face any challenge that came their way.',7),(84,29,'Once upon a time, in the not-too-distant future, a group of brave astronauts embarked on an incredible journey to explore outer space. Their mission was to travel to a distant planet beyond our solar system, using a revolutionary new spacecraft called the Starblazer. The Starblazer was equipped with the latest technology, allowing it to travel at speeds never before achieved by humans. As the astronauts boarded the spacecraft, they couldn\'t help but feel a mixture of excitement and nervousness. They were about to make history as the first humans to venture beyond the farthest reaches of our known universe.',0),(85,29,'\\nThe Starblazer lifted off from Earth with a deafening roar, leaving behind a trail of fire and smoke as it soared higher and higher into the sky. Inside the spacecraft, the astronauts floated in zero gravity, their faces lighting up with wonder as they gazed out of the windows at the vast expanse of space. The journey to the distant planet would take several years, so the astronauts spent their days conducting scientific experiments, maintaining the spacecraft, and training for the challenges that lay ahead.',1),(86,29,'\\nAs the Starblazer traveled deeper into space, the astronauts encountered phenomena that were beyond anything they had ever imagined. They observed the birth of new stars, witnessed the beauty of distant galaxies, and marveled at the wonders of the universe. Each new discovery filled them with a sense of awe and wonder, and they were reminded of the incredible diversity and vastness of the cosmos.',2),(87,29,'\\nOne day, as the Starblazer approached the distant planet, the astronauts prepared for the most crucial phase of their mission. They carefully navigated the spacecraft through a treacherous asteroid belt, using advanced navigation systems to avoid disaster. Finally, they arrived at their destination and gazed in awe at the alien world before them. The planet was a breathtaking sight, with its glowing red surface and swirling clouds of gas. The astronauts quickly got to work, deploying exploration drones to gather data and samples from the planet\'s surface.',3),(88,29,'\\nAs they explored the alien landscape, the astronauts made a remarkable discovery. They found evidence of primitive life forms, tiny microorganisms that thrived in the harsh conditions of the planet. This groundbreaking finding sent shockwaves through the scientific community back on Earth, opening up new possibilities for the search for extraterrestrial life. The astronauts celebrated their achievement, knowing that their journey had contributed to a greater understanding of the universe and our place within it.',4),(89,29,'\\nAfter completing their mission, the astronauts boarded the Starblazer and began the long journey back to Earth, carrying with them the knowledge and experiences they had gained from their incredible expedition. As they looked out of the windows at the stars and galaxies passing by, they knew that they had accomplished something truly extraordinary. Their adventure had not only pushed the boundaries of human exploration but had also inspired future generations to continue reaching for the stars.',5),(90,29,'\\nWhen the Starblazer finally returned to Earth, the astronauts were greeted as heroes, hailed for their courage, dedication, and the remarkable scientific discoveries they had made. Their mission had captured the imagination of people around the world, uniting them in a shared sense of wonder and curiosity about the mysteries of the universe. The story of the Starblazer and its brave crew became a symbol of humanity\'s endless quest for knowledge, adventure, and the relentless pursuit of the unknown.',6),(91,30,'Once upon a time, in the town of Maplewood, there was a group of kids who loved to make music together. They were all part of the school\'s marching band, a big group of students who played instruments and marched in parades and at football games. The band was known for being the best in the whole county, and everyone loved to watch them perform.',0),(92,30,'One day, the band director, Mr. Smith, announced that the band had been chosen to perform at the State Marching Band Festival. This was a huge honor, and everyone was thrilled. But there was a problem - they needed new uniforms. The old ones were worn out and shabby, and they just wouldn\'t do for such an important performance.',1),(93,30,'The band members knew that new uniforms would cost a lot of money, and the school didn\'t have enough in the budget to buy them. So, they decided to come up with a plan to raise the money themselves. They brainstormed ideas for fundraisers, and finally, they landed on a plan to organize a big concert in the town square and sell tickets to raise the money they needed. They were excited to have a chance to showcase their talents and creativity, and the whole town was eager to support them.',2),(94,30,'The day of the concert arrived, and the town square was filled with people. The band members were nervous but excited as they took the stage. They played a mix of songs, including some popular tunes and traditional marching band pieces. The crowd cheered and clapped along, and everyone had a great time. By the end of the concert, they had raised enough money for new uniforms, and they were overjoyed.',3),(95,30,'With the new uniforms purchased, the band members felt a renewed sense of pride and excitement. They practiced hard every day, making sure their performance would be perfect for the State Marching Band Festival. As the day of the festival approached, they felt a mix of nervousness and anticipation. They had worked so hard and put so much effort into their performance, and they wanted to do their very best.',4),(96,30,'When the day of the festival finally arrived, the band members put on their new uniforms and marched onto the field. The crowd cheered as they played their music and showed off their carefully choreographed moves. The judges were impressed, and when the results were announced, the Maplewood Marching Band had won first place! The whole town celebrated their victory, and the band members were filled with pride and joy.',5),(97,30,'The band director congratulated the students on their hard work and dedication. He reminded them that it was their creativity, teamwork, and determination that had made their success possible. The band members felt a sense of accomplishment and unity, knowing that they had achieved something amazing together.',6),(98,30,'From that day on, the Maplewood Marching Band continued to perform at events and parades, inspiring others with their art and creativity. They learned that by working together and using their talents, they could achieve great things. The band became a symbol of the power of teamwork and the joy of making music, and they were proud to share their passion with the world.',7),(99,31,'Once upon a time, there was a boy named Alex who loved playing ice hockey. He had been playing since he was six years old and loved everything about the sport. From skating fast on the ice to scoring goals, Alex couldn\'t get enough of it. He played for a local team called the Ice Dragons and they had a big game coming up against their rivals, the Frosty Falcons.',0),(100,31,'Every day after school, Alex would rush to the ice rink to practice with his team. They would work on passing, shooting, and skating drills to make sure they were ready for the game. Alex\'s favorite part of practice was when they got to scrimmage against each other. He loved the feeling of gliding across the ice and trying to outmaneuver his teammates to score a goal.',1),(101,31,'On the day of the big game, Alex was so excited. He put on his gear and laced up his skates, ready to hit the ice. The arena was filled with the sound of cheering fans and the smell of hot chocolate from the concession stand. The Ice Dragons and the Frosty Falcons took their positions on the ice, ready to battle it out.',2),(102,31,'The game was intense, with both teams playing their hearts out. Alex\'s team was down by one goal in the final period, and he knew he had to give it his all. With just a few minutes left on the clock, Alex raced down the ice with the puck, weaving through the opposing team\'s defense. He took a shot and...scored! The crowd erupted into cheers as Alex tied the game.',3),(103,31,'The game went into overtime, and both teams fought hard to try and score the winning goal. Finally, with just a minute left, Alex found himself with the puck again. He took a deep breath, focused, and shot the puck with all his might. The puck sailed into the net, and the buzzer sounded. The Ice Dragons had won the game, thanks to Alex\'s winning goal.',4),(104,31,'After the game, Alex was beaming with joy. He was so proud of his team and himself for their hard-fought victory. The coach congratulated them all for their teamwork and determination. As they skated off the ice, Alex couldn\'t wait to celebrate with his teammates.',5),(105,31,'His love for ice hockey had brought him so much joy and excitement, and he couldn\'t wait to see what adventures the sport would bring him in the future.',6),(106,32,'Once upon a time, in the deep blue sea, there lived a friendly shark named Sammy. Sammy was not like the scary sharks in the movies. He was kind and loved to make new friends. One day, Sammy met a group of colorful fish. They were a little scared of Sammy at first, but he showed them that he was nice and just wanted to play. The fish and Sammy became the best of friends, swimming and playing games together every day. \\n\nOne sunny morning, Sammy and his fish friends noticed something strange. There was a big, shiny object floating in the water. It turned out to be a treasure chest! They all swam over to the chest and opened it. Inside, they found shiny pearls and glittering jewels. They were amazed at the shiny treasure and had so much fun playing with it. The fish and Sammy decided to share the treasure with all the sea creatures, making everyone happy. \\n\nAs the days went by, more and more sea animals heard about the kind shark and his treasure. They all wanted to be friends with Sammy and play with the shiny jewels. The sea turtle, octopus, and even the tiny seahorses all wanted to join in the fun. Sammy was thrilled to have so many new friends and loved showing them around the sea. \\n\nOne day, the sea creatures noticed that the coral reef was looking dull and grey. The beautiful colors were fading away, and the fish were sad. Sammy and his friends knew they had to do something to help. They organized a big clean-up day, where they all worked together to pick up the trash and make the coral reef beautiful again. Everyone was so happy to see the reef sparkling with color once more. Sammy and his friends had saved the day! \\n\nFrom that day on, the sea creatures had even more fun together. They would play hide and seek in the coral, have races with the seahorses, and have picnics on the sandy ocean floor. Sammy was the happiest shark in the sea, knowing that he had so many wonderful friends and that they all made the ocean a better place.',0),(107,33,'Once upon a time in New York City, there was a talented painter named Lily. She lived in a small apartment in the bustling city, where she spent her days painting beautiful pictures. Lily\'s paintings were filled with vibrant colors and unique designs that captivated anyone who saw them. She dreamt of one day having her own art exhibit in a big gallery, where people from all over the world could come and admire her work.',0),(108,33,'Every morning, Lily would wake up early and head to the park to find inspiration for her paintings. She loved to watch the golden sunlight shining through the leaves of the trees and the colorful flowers blooming in the garden. The city was a place filled with creativity and art, and Lily felt right at home among its vibrant streets and bustling crowds.',1),(109,33,'One day, as Lily was painting in the park, she met a street musician named Max. Max played the guitar and sang beautiful songs that filled the air with music. They quickly became friends and realized they both shared a love for art and creativity. Max invited Lily to join him at a local open mic night, where she could showcase her paintings while he played music.',2),(110,33,'Lily was nervous at first, but she knew this was the opportunity she had been waiting for. With Max\'s encouragement, she decided to take a leap of faith and share her paintings with the world. The open mic night was a huge success, and people were amazed by the beauty and emotion in Lily\'s paintings. They lined up to buy her artwork, and she was thrilled to see her dream finally coming true.',3),(111,33,'As word spread about Lily\'s talent, she started receiving requests from galleries all over the city to showcase her paintings. She was overjoyed at the thought of having her own art exhibit and sharing her creativity with the world. Max continued to support her, playing music at her exhibits and encouraging her to keep pursuing her passion.',4),(112,33,'Lily\'s art exhibit was a huge success, and people from all over the city came to see her paintings. Her artwork was praised for its unique style and vibrant colors. Lily felt a sense of accomplishment and fulfillment, knowing that her creativity had touched the hearts of so many people.',5),(113,33,'From that day on, Lily continued to paint and share her art with the world. She became a well-known artist in New York City, and her paintings were admired and cherished by art lovers everywhere. Lily\'s story was a reminder that with passion, dedication, and a little bit of courage, anyone could turn their dreams into reality. And she was grateful for the support of her friend Max, whose music had helped her find her own voice as an artist.',6),(114,34,'Once upon a time, in a small town during colonial times, there lived a boy named Jacob. Jacob was thirteen years old and he loved to explore the woods and learn about the history of his town. He often visited the local museum where the curator, Ms. Jenkins, would tell him stories about the people who lived in the town long ago.',0),(115,34,'One day, while Jacob was exploring the woods, he stumbled upon an old map buried under a pile of leaves. Excitedly, he dusted off the map and noticed that it was a treasure map from the colonial times! Jacob knew that he had to find out more about this map, so he decided to visit Ms. Jenkins at the museum.',1),(116,34,'Ms. Jenkins was thrilled to see the old treasure map and told Jacob that it belonged to Captain William, a famous pirate who used to roam the seas near their town. She explained that Captain William had hidden his treasure somewhere in the woods before he was captured by the king\'s men and sent to jail.',2),(117,34,'Eager to find the treasure, Jacob asked Ms. Jenkins if she would help him decode the map. Together, they studied the map and tried to match it with the current landmarks in the woods. After a few hours of deciphering the old map, they finally discovered a secret cave marked on the map.',3),(118,34,'Excited to explore the cave, Jacob and Ms. Jenkins waited until the next morning to begin their adventure. As they ventured into the woods, they followed the map and eventually came across the hidden cave. With a sense of curiosity and anticipation, they entered the cave, eager to find the long-lost treasure of Captain William.',4),(119,34,'Inside the cave, they found an old chest covered in dust and cobwebs. With trembling hands, Jacob opened the chest and was amazed to find it filled with gold coins, jewels, and other treasures. Ms. Jenkins explained that Captain William had hidden his treasure to keep it safe from the king\'s men, and now it had been discovered after all those years.',5),(120,34,'Overwhelmed with joy, Jacob and Ms. Jenkins decided to donate the treasure to the local museum so that everyone could learn about the town\'s history and the adventures of Captain William. The townspeople were amazed by the discovery and marveled at the treasures from colonial times.',6),(121,34,'From that day on, Jacob became known as the brave young explorer who had uncovered the long-lost treasure of Captain William. He continued to visit the museum, eager to learn more about the history of his town and the people who had lived there before him. And every time he looked at the treasure map, he was reminded of the exciting adventure that had brought the town\'s history to life.',7),(122,35,'Once upon a time, in a beautiful garden, there were many animals and bugs. There were butterflies fluttering from flower to flower, bees buzzing around collecting nectar, and birds chirping happily in the trees. There were also some fluffy cats playing and napping in the sun.',0),(123,35,'One sunny day, a little girl named Lily visited the garden with her pet cat, Whiskers. Whiskers was a mischievous orange tabby cat that loved to explore. As soon as Lily let him off the leash, Whiskers darted off to chase butterflies and climb trees.',1),(124,35,'Lily loved watching Whiskers play, but she also wanted to explore the garden. She started to chase after her cat, giggling as she ran. Suddenly, Whiskers stopped and crouched low to the ground, his tail swishing back and forth. Lily looked closer and saw that Whiskers had found a ladybug! It was crawling slowly on a leaf, its red shell dotted with black spots.',2),(125,35,'Lily and Whiskers watched the ladybug for a while, and then they continued their adventure through the garden. They saw bees buzzing around the flowers, collecting pollen, and birds singing in the trees. Whiskers even tried to pounce on a butterfly, but it flew away just in time!',3),(126,35,'As the sun started to set, Lily and Whiskers headed home, tired but happy from their day of exploring. They both fell asleep, dreaming of the wonderful animals and bugs they had seen in the garden. And when they woke up the next morning, they knew they would visit the garden again soon to see all their friends.',4),(127,36,'Madhav and Haley met in the most unexpected way during Madhav\'s college graduation trip to the United States. Haley, a blonde girl with a radiant smile, caught Madhav\'s attention at a local coffee shop. What started as a polite conversation about their favorite coffee turned into a deep connection that neither of them expected. Despite coming from different cultural backgrounds, they found an instant connection that transcended their differences.',0),(128,36,'As they spent more time together, Madhav and Haley learned to appreciate each other\'s unique perspectives and traditions. Madhav shared stories of his upbringing in India, while Haley introduced him to her American way of life. They laughed about their cultural differences and found joy in learning from each other. Their love story blossomed against all odds, proving that love knows no boundaries.',1),(129,36,'Haley was still in college, pursuing her degree in art, while Madhav had just graduated and was looking for job opportunities in his hometown. The geographical distance between them posed a challenge, but they were both determined to make their relationship work. They stayed in touch through video calls, messages, and letters, making an effort to bridge the gap between them.',2),(130,36,'Madhav\'s family welcomed Haley with open arms when she visited India, and Haley\'s family embraced Madhav with warmth and kindness when he visited the United States. Despite the cultural contrasts, both families recognized the love and happiness that Madhav and Haley brought to each other\'s lives. Their support and acceptance strengthened Madhav and Haley\'s bond, allowing them to envision a future together despite the obstacles they faced.',3),(131,36,'As Madhav continued his job search, Haley completed her college education and explored her artistic aspirations. They both encouraged each other to pursue their dreams and never gave up on the love they had found in each other. Madhav\'s perseverance and dedication paid off when he finally landed a job opportunity that aligned with his career goals. The excitement of starting a new chapter in his life was heightened by the thought of being closer to Haley, who had become the love of his life.',4),(132,36,'Their love story was a testament to the power of connection, understanding, and unwavering support. Madhav and Haley\'s journey was filled with challenges, but their love for each other only grew stronger with each passing day. As they looked towards the future, they knew that they were ready to face whatever came their way, knowing that their love would always be their guiding light.',5);
/*!40000 ALTER TABLE `story_text` ENABLE KEYS */;
UNLOCK TABLES;

--
-- Table structure for table `users`
--

DROP TABLE IF EXISTS `users`;
/*!40101 SET @saved_cs_client     = @@character_set_client */;
/*!50503 SET character_set_client = utf8mb4 */;
CREATE TABLE `users` (
  `id` bigint NOT NULL AUTO_INCREMENT,
  `first_name` varchar(255) DEFAULT NULL,
  `last_name` varchar(255) DEFAULT NULL,
  `email` varchar(255) DEFAULT NULL,
  `password` varchar(255) DEFAULT NULL,
  `created_at` timestamp NOT NULL DEFAULT CURRENT_TIMESTAMP,
  `updated_at` timestamp NOT NULL DEFAULT CURRENT_TIMESTAMP ON UPDATE CURRENT_TIMESTAMP,
  PRIMARY KEY (`id`)
) ENGINE=InnoDB AUTO_INCREMENT=27 DEFAULT CHARSET=utf8mb4 COLLATE=utf8mb4_0900_ai_ci;
/*!40101 SET character_set_client = @saved_cs_client */;

--
-- Dumping data for table `users`
--

LOCK TABLES `users` WRITE;
/*!40000 ALTER TABLE `users` DISABLE KEYS */;
INSERT INTO `users` VALUES (1,'John','Doe','john.doe@example.com','securepassword123','2024-02-11 20:35:50','2024-02-11 20:35:50'),(2,'Mary','Doe','mary.doe@example.com','password','2024-02-11 20:58:46','2024-02-11 20:58:46'),(3,'John','Doe','johndoe@gmail.com','password','2024-02-11 21:04:17','2024-02-11 21:04:17'),(20,'Brock','Purdy','bpurdy@gmail.com','$2b$12$Jodxpzyzs0dElw4BOO.WzOHRqcwfobbtUgFKVNMZ1tCVI3gnzBW/a','2024-02-13 01:13:48','2024-02-13 01:13:48'),(21,'Deebo','Samuel','deebo@gmail.com','$2b$12$AxSCgtMXGNtNFkYv11kVOu.eaj6XMKva2OSAvplvlSbngh6LlCODm','2024-02-13 01:15:39','2024-02-13 01:15:39'),(22,'Brandon','Aiyuk','brandon.a@gmail.com','$2b$12$swdJAcEPX506pLRbVFbYr.2c7VBwUtY.FGe5eNyJ9rfru7EdyzXMm','2024-02-13 01:46:33','2024-02-13 01:46:33'),(23,'George','Kittle','gkittle@gmail.com','$2b$12$C/XeYhqNtqrdZ.YAzaHdCexX9h5Tf3UDVYaJJbyLUCXGpAYwRUFvm','2024-02-14 06:36:30','2024-02-14 06:36:30'),(24,'Steph','Curry','scurry@gmail.com','$2b$12$WVaRn8uOy45X5j8yg7BIaej9Vu8FPX24q.d/884fTGTuMiP5sZ2wS','2024-02-14 18:14:01','2024-02-14 18:14:01'),(25,'steve','kerr','stevekerr@gmail.com','$2b$12$kFGVT7AM4jkEYK/fGYa4ge5tp6qKh/yMPjmAFGNAgLxFWoYl1BmZu','2024-02-14 19:18:53','2024-02-14 19:18:53'),(26,'Haley','Burke','hburke@gmail.com','$2b$12$ZHEzy4/gyb6LllKVI7h1gOPvW996zr5YRUG.f2oAnOZi8pW4IYDX2','2024-02-20 03:24:04','2024-02-20 03:24:04');
/*!40000 ALTER TABLE `users` ENABLE KEYS */;
UNLOCK TABLES;
/*!40103 SET TIME_ZONE=@OLD_TIME_ZONE */;

/*!40101 SET SQL_MODE=@OLD_SQL_MODE */;
/*!40014 SET FOREIGN_KEY_CHECKS=@OLD_FOREIGN_KEY_CHECKS */;
/*!40014 SET UNIQUE_CHECKS=@OLD_UNIQUE_CHECKS */;
/*!40101 SET CHARACTER_SET_CLIENT=@OLD_CHARACTER_SET_CLIENT */;
/*!40101 SET CHARACTER_SET_RESULTS=@OLD_CHARACTER_SET_RESULTS */;
/*!40101 SET COLLATION_CONNECTION=@OLD_COLLATION_CONNECTION */;
/*!40111 SET SQL_NOTES=@OLD_SQL_NOTES */;

-- Dump completed on 2024-03-04 13:47:16
